name,datetime,temp,feelslike,dew,humidity,precip,precipprob,preciptype,snow,snowdepth,windgust,windspeed,winddir,sealevelpressure,cloudcover,visibility,solarradiation,solarenergy,uvindex,severerisk,conditions,icon,stations
"Goczałkowice-Zdrój, Woj. Śląskie, Polska",2026-09-29T00:00:00,11.1,11.1,8,80.76,0,0,,0,0,11.5,12,120,1027.3,0,10,0,0,0,0,Clear,clear-night,"EPKT,E6430,LKMT,EPKK"
"Goczałkowice-Zdrój, Woj. Śląskie, Polska",2026-09-29T01:00:00,9,7.2,7.3,88.98,0,0,,0,0,10.8,11.8,66,1027.7,0,10,0,0,0,0,Clear,clear-night,"EPKT,E6430,LKMT,EPKK"
"Goczałkowice-Zdrój, Woj. Śląskie, Polska",2026-09-29T02:00:00,10.4,10.4,8.2,88.57,0,0,,0,0,11.6,8.6,101,1027,0,24.1,0,0,0,0,Clear,clear-night,
"Goczałkowice-Zdrój, Woj. Śląskie, Polska",2026-09-29T03:00:00,10,10,7.8,88.78,0,0,,0,0,11.2,8.3,99,1028,0,24.1,0,0,0,0,Clear,clear-night,
"Goczałkowice-Zdrój, Woj. Śląskie, Polska",2026-09-29T04:00:00,9.7,8.7,7.5,88.97,0,0,,0,0,10.6,7.9,98,1028,0,24.1,0,0,0,0,Clear,clear-night,
"Goczałkowice-Zdrój, Woj. Śląskie, Polska",2026-09-29T05:00:00,9.3,8.3,7.2,89.08,0,0,,0,0,10.1,7.5,100,1028,0,24.1,0,0,0,0,Clear,clear-night,
"Goczałkowice-Zdrój, Woj. Śląskie, Polska",2026-09-29T06:00:00,9,7.9,6.9,89.08,0,0,,0,0,9.9,7.6,98,1028,0,24.1,0,0,0,0,Clear,clear-night,
"Goczałkowice-Zdrój, Woj. Śląskie, Polska",2026-09-29T07:00:00,8.8,7.6,6.8,88.58,0,0,,0,0,10.4,8,95,1028,0,24.1,19,0.1,0,0,Clear,clear-day,
"Goczałkowice-Zdrój, Woj. Śląskie, Polska",2026-09-29T08:00:00,9.8,8.7,7.3,85.14,0,0,,0,0,11.9,8.5,92,1028,0,24.1,94,0.3,1,0,Clear,clear-day,
"Goczałkowice-Zdrój, Woj. Śląskie, Polska",2026-09-29T09:00:00,12.5,12.5,8.1,77.65,0,0,,0,0,14,9.2,90,1028,0,24.1,226,0.8,2,0,Clear,clear-day,
"Goczałkowice-Zdrój, Woj. Śląskie, Polska",2026-09-29T10:00:00,15.1,15.1,8.7,69.25,0,0,,0,0,16.6,10.2,86,1029,0,24.1,368,1.3,4,0,Clear,clear-day,
"Goczałkowice-Zdrój, Woj. Śląskie, Polska",2026-09-29T11:00:00,17.2,17.2,9.3,62.36,0,0,,0,0,19,11.3,82,1029,0,24.1,485,1.7,5,0,Clear,clear-day,
"Goczałkowice-Zdrój, Woj. Śląskie, Polska",2026-09-29T12:00:00,18.8,18.8,9.4,56.64,0,0,,0,0,20.4,12.2,81,1028,0,24.1,562,2,6,0,Clear,clear-day,
"Goczałkowice-Zdrój, Woj. Śląskie, Polska",2026-09-29T13:00:00,20,20,9.2,51.57,0,0,,0,0,21,12.9,81,1028,0,24.1,592,2.1,6,0,Clear,clear-day,
"Goczałkowice-Zdrój, Woj. Śląskie, Polska",2026-09-29T14:00:00,20.9,20.9,9,48.14,0,0,,0,0,21.4,13.3,81,1028,0,24.1,572,2.1,6,0,Clear,clear-day,
"Goczałkowice-Zdrój, Woj. Śląskie, Polska",2026-09-29T15:00:00,20.9,20.9,9,47.7,0,0,,0,0,22,13.5,83,1028,0,24.1,502,1.8,5,0,Clear,clear-day,
"Goczałkowice-Zdrój, Woj. Śląskie, Polska",2026-09-29T16:00:00,20.6,20.6,9.3,49.44,0,0,,0,0,23.7,13.8,83,1028,0,24.1,390,1.4,4,0,Clear,clear-day,
"Goczałkowice-Zdrój, Woj. Śląskie, Polska",2026-09-29T17:00:00,19.8,19.8,9.3,52.22,0,0,,0,0,26.5,13.8,81,1028,0,24.1,249,0.9,2,0,Clear,clear-day,
"Goczałkowice-Zdrój, Woj. Śląskie, Polska",2026-09-29T18:00:00,18.1,18.1,9,56.97,0,0,,0,0,27.9,13.4,81,1028,0,24.1,113,0.4,1,0,Clear,clear-day,
"Goczałkowice-Zdrój, Woj. Śląskie, Polska",2026-09-29T19:00:00,16,16,9,64.14,0,0,,0,0,27,12.9,86,1028,0,24.1,0,0,0,0,Clear,clear-night,
"Goczałkowice-Zdrój, Woj. Śląskie, Polska",2026-09-29T20:00:00,14.5,14.5,9.4,71.71,0,0,,0,0,23.9,12.2,90,1028,0,24.1,0,0,0,0,Clear,clear-night,
"Goczałkowice-Zdrój, Woj. Śląskie, Polska",2026-09-29T21:00:00,13.5,13.5,9.5,77.6,0,0,,0,0,19.1,11,93,1029,0,24.1,0,0,0,0,Clear,clear-night,
"Goczałkowice-Zdrój, Woj. Śląskie, Polska",2026-09-29T22:00:00,12.6,12.6,9.3,81.75,0,0,,0,0,14.7,9.4,98,1029,0,24.1,0,0,0,0,Clear,clear-night,
"Goczałkowice-Zdrój, Woj. Śląskie, Polska",2026-09-29T23:00:00,11.8,11.8,8.9,84.7,0,0,,0,0,11.6,7.8,104,1029,0,24.1,0,0,0,0,Clear,clear-night,
"Goczałkowice-Zdrój, Woj. Śląskie, Polska",2026-09-30T00:00:00,11,11,8.5,86.73,0,0,,0,0,9.3,6.6,109,1029,1,24.1,0,0,0,0,Clear,clear-night,
"Goczałkowice-Zdrój, Woj. Śląskie, Polska",2026-09-30T01:00:00,10.4,10.4,8,88.1,0,0,,0,0,7.7,6,111,1029,2,24.1,0,0,0,0,Clear,clear-night,
"Goczałkowice-Zdrój, Woj. Śląskie, Polska",2026-09-30T02:00:00,9.8,9.3,7.5,88.77,0,0,,0,0,7,5.7,114,1030,2,24.1,0,0,0,0,Clear,clear-night,
"Goczałkowice-Zdrój, Woj. Śląskie, Polska",2026-09-30T03:00:00,9.4,8.9,7.1,88.87,0,0,,0,0,6.8,5.7,114,1030,1,24.1,0,0,0,0,Clear,clear-night,
"Goczałkowice-Zdrój, Woj. Śląskie, Polska",2026-09-30T04:00:00,8.9,8.3,6.6,88.85,0,0,,0,0,6.7,5.7,109,1030,1,24.1,0,0,0,0,Clear,clear-night,
"Goczałkowice-Zdrój, Woj. Śląskie, Polska",2026-09-30T05:00:00,8.5,7.8,6.2,88.59,0,0,,0,0,6.7,6,107,1030,1,24.1,0,0,0,0,Clear,clear-night,
"Goczałkowice-Zdrój, Woj. Śląskie, Polska",2026-09-30T06:00:00,8.3,7.4,6,88.08,0,0,,0,0,7.3,6.6,103,1030,1,24.1,0,0,0,0,Clear,clear-night,
"Goczałkowice-Zdrój, Woj. Śląskie, Polska",2026-09-30T07:00:00,8.3,7.2,5.9,86.97,0,0,,0,0,8.4,7.3,101,1030,2,24.1,19,0.1,0,0,Clear,clear-day,
"Goczałkowice-Zdrój, Woj. Śląskie, Polska",2026-09-30T08:00:00,9.4,8.4,6.5,83.29,0,0,,0,0,9.8,7.8,98,1030,2,24.1,92,0.3,1,0,Clear,clear-day,
"Goczałkowice-Zdrój, Woj. Śląskie, Polska",2026-09-30T09:00:00,12.3,12.3,7.8,75.53,0,0,,0,0,11.8,8.6,94,1030,2,24.1,223,0.8,2,0,Clear,clear-day,
"Goczałkowice-Zdrój, Woj. Śląskie, Polska",2026-09-30T10:00:00,15.3,15.3,8.3,66.59,0,0,,0,0,14.6,9.6,90,1030,1,24.1,365,1.3,4,0,Clear,clear-day,
"Goczałkowice-Zdrój, Woj. Śląskie, Polska",2026-09-30T11:00:00,17.7,17.7,9.1,59.53,0,0,,0,0,16.9,10.7,85,1030,1,24.1,482,1.7,5,0,Clear,clear-day,
"Goczałkowice-Zdrój, Woj. Śląskie, Polska",2026-09-30T12:00:00,19.4,19.4,9.1,53.41,0,0,,0,0,18.2,11.7,86,1030,2,24.1,558,2,6,0,Clear,clear-day,
"Goczałkowice-Zdrój, Woj. Śląskie, Polska",2026-09-30T13:00:00,20.7,20.7,8.8,47.88,0,0,,0,0,18.7,12.5,89,1029,3,24.1,586,2.1,6,0,Clear,clear-day,
"Goczałkowice-Zdrój, Woj. Śląskie, Polska",2026-09-30T14:00:00,21.6,21.6,8.3,44.39,0,0,,0,0,19.1,12.8,88,1029,5,24.1,564,2,6,0,Clear,clear-day,
"Goczałkowice-Zdrój, Woj. Śląskie, Polska",2026-09-30T15:00:00,21.5,21.5,8.2,44.04,0,0,,0,0,20.1,13.1,88,1028,6,24.1,493,1.8,5,0,Clear,clear-day,
"Goczałkowice-Zdrój, Woj. Śląskie, Polska",2026-09-30T16:00:00,21,21,8.6,46.16,0,0,,0,0,21.9,13.3,86,1028,5,24.1,381,1.4,4,0,Clear,clear-day,
"Goczałkowice-Zdrój, Woj. Śląskie, Polska",2026-09-30T17:00:00,20.2,20.2,8.8,49.53,0,0,,0,0,23.7,13.2,88,1028,5,24.1,241,0.9,2,0,Clear,clear-day,
"Goczałkowice-Zdrój, Woj. Śląskie, Polska",2026-09-30T18:00:00,18.5,18.5,8.5,54.37,0,0,,0,0,22.8,12.5,86,1028,6,24.1,107,0.4,1,0,Clear,clear-day,
"Goczałkowice-Zdrój, Woj. Śląskie, Polska",2026-09-30T19:00:00,16.3,16.3,8.4,60.76,0,0,,0,0,19.6,11.4,91,1028,17,24.1,0,0,0,0,Clear,clear-night,
"Goczałkowice-Zdrój, Woj. Śląskie, Polska",2026-09-30T20:00:00,15,15,8.7,67.05,0,0,,0,0,18,10.7,92,1028,38,24.1,0,0,0,0,Partially cloudy,partly-cloudy-night,
"Goczałkowice-Zdrój, Woj. Śląskie, Polska",2026-09-30T21:00:00,14,14,8.7,72,0,0,,0,0,17.4,10.1,94,1028,55,24.1,0,0,0,0,Partially cloudy,partly-cloudy-night,
"Goczałkowice-Zdrój, Woj. Śląskie, Polska",2026-09-30T22:00:00,12.9,12.9,8.5,76.2,0,0,,0,0,15.2,9,96,1029,67,24.1,0,0,0,0,Partially cloudy,partly-cloudy-night,
"Goczałkowice-Zdrój, Woj. Śląskie, Polska",2026-09-30T23:00:00,11.9,11.9,8.3,80.14,0,0,,0,0,12.2,7.9,95,1029,82,24.1,0,0,0,0,Partially cloudy,partly-cloudy-night,
"Goczałkowice-Zdrój, Woj. Śląskie, Polska",2026-10-01T00:00:00,11.2,11.2,8.2,83.18,0,0,,0,0,10.6,7.6,96,1029,91,24.1,0,0,0,0,Overcast,cloudy,
"Goczałkowice-Zdrój, Woj. Śląskie, Polska",2026-10-01T01:00:00,10.7,10.7,7.9,85.22,0,0,,0,0,10.4,7.7,98,1029,96,24.1,0,0,0,0,Overcast,cloudy,
"Goczałkowice-Zdrój, Woj. Śląskie, Polska",2026-10-01T02:00:00,10.3,10.3,7.7,86.67,0,0,,0,0,10.4,7.7,97,1029,100,24.1,0,0,0,0,Overcast,cloudy,
"Goczałkowice-Zdrój, Woj. Śląskie, Polska",2026-10-01T03:00:00,9.9,8.9,7.5,87.65,0,0,,0,0,10.8,7.9,96,1029,99,24.1,0,0,0,0,Overcast,cloudy,
"Goczałkowice-Zdrój, Woj. Śląskie, Polska",2026-10-01T04:00:00,9.5,8.4,7.2,88.34,0,0,,0,0,12,8.4,92,1029,99,24.1,0,0,0,0,Overcast,cloudy,
"Goczałkowice-Zdrój, Woj. Śląskie, Polska",2026-10-01T05:00:00,9.2,7.9,7,88.72,0,0,,0,0,13.5,8.8,91,1029,99,24.1,0,0,0,0,Overcast,cloudy,
"Goczałkowice-Zdrój, Woj. Śląskie, Polska",2026-10-01T06:00:00,9.1,7.7,6.8,88.56,0,0,,0,0,14.4,9,91,1029,100,24.1,0,0,0,0,Overcast,cloudy,
"Goczałkowice-Zdrój, Woj. Śląskie, Polska",2026-10-01T07:00:00,9,7.6,6.7,87.61,0,0,,0,0,15,9.2,89,1029,100,24.1,13,0,0,0,Overcast,cloudy,
"Goczałkowice-Zdrój, Woj. Śląskie, Polska",2026-10-01T08:00:00,9.7,8.4,6.9,84.17,0,0,,0,0,16.2,9.7,87,1029,100,24.1,59,0.2,1,0,Overcast,cloudy,
"Goczałkowice-Zdrój, Woj. Śląskie, Polska",2026-10-01T09:00:00,12,12,7.5,77.1,0,0,,0,0,17.8,10.4,85,1029,100,24.1,142,0.5,1,0,Overcast,cloudy,
"Goczałkowice-Zdrój, Woj. Śląskie, Polska",2026-10-01T10:00:00,14.2,14.2,7.9,69.12,0,0,,0,0,18.4,10.8,86,1029,100,24.1,240,0.9,2,0,Overcast,cloudy,
"Goczałkowice-Zdrój, Woj. Śląskie, Polska",2026-10-01T11:00:00,16.2,16.2,8.6,62.85,0,0,,0,0,18.5,11,83,1029,100,24.1,336,1.2,3,0,Overcast,cloudy,
"Goczałkowice-Zdrój, Woj. Śląskie, Polska",2026-10-01T12:00:00,17.7,17.7,8.7,58.01,0,0,,0,0,18.8,11.5,82,1029,100,24.1,395,1.4,4,0,Overcast,cloudy,
"Goczałkowice-Zdrój, Woj. Śląskie, Polska",2026-10-01T13:00:00,18.8,18.8,8.9,54.05,0,0,,0,0,19.8,12.2,80,1029,100,24.1,395,1.4,4,0,Overcast,cloudy,
"Goczałkowice-Zdrój, Woj. Śląskie, Polska",2026-10-01T14:00:00,19.6,19.6,8.6,51.49,0,0,,0,0,21.2,13,78,1029,99,24.1,369,1.3,4,0,Overcast,cloudy,
"Goczałkowice-Zdrój, Woj. Śląskie, Polska",2026-10-01T15:00:00,19.5,19.5,8.6,51.44,0,0,,0,0,22.1,13.4,82,1028,97,24.1,330,1.2,3,0,Overcast,cloudy,
"Goczałkowice-Zdrój, Woj. Śląskie, Polska",2026-10-01T16:00:00,19.2,19.2,8.9,53.39,0,0,,0,0,22.7,13.1,83,1028,90,24.1,257,0.9,3,0,Partially cloudy,partly-cloudy-day,
"Goczałkowice-Zdrój, Woj. Śląskie, Polska",2026-10-01T17:00:00,18.6,18.6,9.1,56.75,0,0,,0,0,23.4,12.4,85,1028,81,24.1,157,0.6,2,0,Partially cloudy,partly-cloudy-day,
"Goczałkowice-Zdrój, Woj. Śląskie, Polska",2026-10-01T18:00:00,17,17,9.2,62.55,0,0,,0,0,23.4,11.8,84,1029,77,24.1,67,0.2,1,0,Partially cloudy,partly-cloudy-day,
"Goczałkowice-Zdrój, Woj. Śląskie, Polska",2026-10-01T19:00:00,15.1,15.1,9.3,69.92,0,0,,0,0,22.7,11.5,87,1029,72,24.1,0,0,0,0,Partially cloudy,partly-cloudy-night,
"Goczałkowice-Zdrój, Woj. Śląskie, Polska",2026-10-01T20:00:00,13.8,13.8,9.6,75.94,0,0,,0,0,21.4,11.3,88,1029,56,24.1,0,0,0,0,Partially cloudy,partly-cloudy-night,
"Goczałkowice-Zdrój, Woj. Śląskie, Polska",2026-10-01T21:00:00,12.9,12.9,9,79.79,0,0,,0,0,19.6,10.9,90,1029,39,24.1,0,0,0,0,Partially cloudy,partly-cloudy-night,
"Goczałkowice-Zdrój, Woj. Śląskie, Polska",2026-10-01T22:00:00,12.1,12.1,8.6,82.56,0,0,,0,0,17.6,10.3,93,1030,32,24.1,0,0,0,0,Partially cloudy,partly-cloudy-night,
"Goczałkowice-Zdrój, Woj. Śląskie, Polska",2026-10-01T23:00:00,11.3,11.3,8.2,84.77,0,0,,0,0,16.1,9.7,94,1030,33,24.1,0,0,0,0,Partially cloudy,partly-cloudy-night,
"Goczałkowice-Zdrój, Woj. Śląskie, Polska",2026-10-02T00:00:00,10.5,10.5,7.8,86.43,0,0,,0,0,15.4,9.1,95,1030,34,24.1,0,0,0,0,Partially cloudy,partly-cloudy-night,
"Goczałkowice-Zdrój, Woj. Śląskie, Polska",2026-10-02T01:00:00,9.9,8.8,7.4,87.8,0,0,,0,0,15.1,8.5,98,1030,34,24.1,0,0,0,0,Partially cloudy,partly-cloudy-night,
"Goczałkowice-Zdrój, Woj. Śląskie, Polska",2026-10-02T02:00:00,9.2,8.1,7,88.84,0,0,,0,0,15.4,8.3,100,1030,32,24.1,0,0,0,0,Partially cloudy,partly-cloudy-night,
"Goczałkowice-Zdrój, Woj. Śląskie, Polska",2026-10-02T03:00:00,9,7.7,6.5,89.13,0,0,,0,0,17.1,8.6,99,1030,27,24.1,0,0,0,0,Partially cloudy,partly-cloudy-night,
"Goczałkowice-Zdrój, Woj. Śląskie, Polska",2026-10-02T04:00:00,8.6,7.2,6,89,0,0,,0,0,19.4,9.1,97,1030,19,24.1,0,0,0,0,Clear,clear-night,
"Goczałkowice-Zdrój, Woj. Śląskie, Polska",2026-10-02T05:00:00,8.4,6.9,5.6,88.72,0,0,,0,0,19.6,9,98,1030,12,24.1,0,0,0,0,Clear,clear-night,
"Goczałkowice-Zdrój, Woj. Śląskie, Polska",2026-10-02T06:00:00,8.3,6.9,5.6,88.11,0,0,,0,0,18.4,9,98,1031,8,24.1,0,0,0,0,Clear,clear-night,
"Goczałkowice-Zdrój, Woj. Śląskie, Polska",2026-10-02T07:00:00,8.3,6.7,5.5,87.34,0,0,,0,0,19.4,9.4,95,1031,5,24.1,17,0.1,0,0,Clear,clear-day,
"Goczałkowice-Zdrój, Woj. Śląskie, Polska",2026-10-02T08:00:00,8.5,6.9,5.5,84.65,0,0,,0,0,19.9,9.9,95,1031,3,24.1,86,0.3,1,0,Clear,clear-day,
"Goczałkowice-Zdrój, Woj. Śląskie, Polska",2026-10-02T09:00:00,11.1,11.1,6.3,78.19,0,0,,0,0,18,9.9,93,1031,3,24.1,213,0.8,2,0,Clear,clear-day,
"Goczałkowice-Zdrój, Woj. Śląskie, Polska",2026-10-02T10:00:00,13.8,13.8,7,69.6,0,0,,0,0,16.8,9.7,90,1031,3,24.1,353,1.3,4,0,Clear,clear-day,
"Goczałkowice-Zdrój, Woj. Śląskie, Polska",2026-10-02T11:00:00,16.3,16.3,7.7,61.34,0,0,,0,0,16.2,9.5,86,1032,3,24.1,470,1.7,5,0,Clear,clear-day,
"Goczałkowice-Zdrój, Woj. Śląskie, Polska",2026-10-02T12:00:00,17.7,17.7,7.3,54.51,0,0,,0,0,15.8,9.2,85,1031,3,24.1,546,2,5,0,Clear,clear-day,
"Goczałkowice-Zdrój, Woj. Śląskie, Polska",2026-10-02T13:00:00,19.1,19.1,7,48.6,0,0,,0,0,16,9.2,81,1031,5,24.1,575,2.1,6,0,Clear,clear-day,
"Goczałkowice-Zdrój, Woj. Śląskie, Polska",2026-10-02T14:00:00,20.3,20.3,6.6,44.93,0,0,,0,0,16.2,9.3,76,1031,7,24.1,555,2,6,0,Clear,clear-day,
"Goczałkowice-Zdrój, Woj. Śląskie, Polska",2026-10-02T15:00:00,20,20,7,45.67,0,0,,0,0,16.5,9.3,79,1031,11,24.1,485,1.7,5,0,Clear,clear-day,
"Goczałkowice-Zdrój, Woj. Śląskie, Polska",2026-10-02T16:00:00,19.6,19.6,7.6,48.8,0,0,,0,0,18,9.3,81,1031,16,24.1,373,1.3,4,0,Clear,clear-day,
"Goczałkowice-Zdrój, Woj. Śląskie, Polska",2026-10-02T17:00:00,19,19,8.4,52.88,0,0,,0,0,18.9,9.2,81,1031,22,24.1,233,0.8,2,0,Partially cloudy,partly-cloudy-day,
"Goczałkowice-Zdrój, Woj. Śląskie, Polska",2026-10-02T18:00:00,16.8,16.8,8,58.52,0,0,,0,0,20.1,9.6,82,1031,27,24.1,100,0.4,1,0,Partially cloudy,partly-cloudy-day,
"Goczałkowice-Zdrój, Woj. Śląskie, Polska",2026-10-02T19:00:00,14.8,14.8,7.5,64.94,0,0,,0,0,26.4,10.8,82,1031,33,24.1,0,0,0,0,Partially cloudy,partly-cloudy-night,
"Goczałkowice-Zdrój, Woj. Śląskie, Polska",2026-10-02T20:00:00,13,13,7.1,70.44,0,0,,0,0,32,11.7,84,1031,36,24.1,0,0,0,0,Partially cloudy,partly-cloudy-night,
"Goczałkowice-Zdrój, Woj. Śląskie, Polska",2026-10-02T21:00:00,12.1,12.1,6.8,74.37,0,0,,0,0,29.5,11.4,87,1031,34,24.1,0,0,0,0,Partially cloudy,partly-cloudy-night,
"Goczałkowice-Zdrój, Woj. Śląskie, Polska",2026-10-02T22:00:00,11.2,11.2,6.6,77.6,0,0,,0,0,23.5,10.3,91,1031,30,24.1,0,0,0,0,Partially cloudy,partly-cloudy-night,
"Goczałkowice-Zdrój, Woj. Śląskie, Polska",2026-10-02T23:00:00,10.4,10.4,6.5,80.58,0,0,,0,0,18.8,9.3,95,1031,27,24.1,0,0,0,0,Partially cloudy,partly-cloudy-night,
"Goczałkowice-Zdrój, Woj. Śląskie, Polska",2026-10-03T00:00:00,9.7,8.6,6.3,83.03,0,0,,0,0,15.3,8.5,98,1031,23,24.1,0,0,0,0,Partially cloudy,partly-cloudy-night,
"Goczałkowice-Zdrój, Woj. Śląskie, Polska",2026-10-03T01:00:00,9,8,6,85.21,0,0,,0,0,13.1,7.7,101,1032,18,24.1,0,0,0,0,Clear,clear-night,
"Goczałkowice-Zdrój, Woj. Śląskie, Polska",2026-10-03T02:00:00,8.4,7.3,5.8,87.08,0,0,,0,0,12,7.1,104,1032,16,24.1,0,0,0,0,Clear,clear-night,
"Goczałkowice-Zdrój, Woj. Śląskie, Polska",2026-10-03T03:00:00,8,7,5.6,88.34,0,0,,0,0,11.3,6.6,108,1032,17,24.1,0,0,0,0,Clear,clear-night,
"Goczałkowice-Zdrój, Woj. Śląskie, Polska",2026-10-03T04:00:00,7.7,6.7,5.4,89.29,0,0,,0,0,10.8,6.2,113,1032,21,24.1,0,0,0,0,Partially cloudy,partly-cloudy-night,
"Goczałkowice-Zdrój, Woj. Śląskie, Polska",2026-10-03T05:00:00,7.3,6.4,5.2,90.16,0,0,,0,0,10.5,5.8,118,1032,27,24.1,0,0,0,0,Partially cloudy,partly-cloudy-night,
"Goczałkowice-Zdrój, Woj. Śląskie, Polska",2026-10-03T06:00:00,7.4,6.6,5.3,90.88,0,0,,0,0,10.1,5.7,120,1032,34,24.1,0,0,0,0,Partially cloudy,partly-cloudy-night,
"Goczałkowice-Zdrój, Woj. Śląskie, Polska",2026-10-03T07:00:00,7.5,6.7,5.5,91.51,0,0,,0,0,9.9,5.7,124,1032,40,24.1,15,0.1,0,0,Partially cloudy,partly-cloudy-day,
"Goczałkowice-Zdrój, Woj. Śląskie, Polska",2026-10-03T08:00:00,7.9,7.2,5.8,89.76,0,0,,0,0,9.4,5.3,128,1032,40,24.1,82,0.3,1,0,Partially cloudy,partly-cloudy-day,
"Goczałkowice-Zdrój, Woj. Śląskie, Polska",2026-10-03T09:00:00,10.5,10.5,6.7,83.32,0,0,,0,0,7.6,4.6,133,1032,32,24.1,207,0.7,2,0,Partially cloudy,partly-cloudy-day,
"Goczałkowice-Zdrój, Woj. Śląskie, Polska",2026-10-03T10:00:00,13.2,13.2,7.5,74.3,0,0,,0,0,5,3.5,137,1032,21,24.1,348,1.3,3,0,Partially cloudy,partly-cloudy-day,
"Goczałkowice-Zdrój, Woj. Śląskie, Polska",2026-10-03T11:00:00,15.9,15.9,8.4,65.63,0,0,,0,0,3.8,2.5,138,1032,13,24.1,464,1.7,5,0,Clear,clear-day,
"Goczałkowice-Zdrój, Woj. Śląskie, Polska",2026-10-03T12:00:00,17.5,17.5,8.3,58.38,0,0,,0,0,4.2,1.7,166,1032,9,24.1,539,1.9,5,0,Clear,clear-day,
"Goczałkowice-Zdrój, Woj. Śląskie, Polska",2026-10-03T13:00:00,19.1,19.1,8.2,52.02,0,0,,0,0,5,1.2,217,1031,8,24.1,566,2,6,0,Clear,clear-day,
"Goczałkowice-Zdrój, Woj. Śląskie, Polska",2026-10-03T14:00:00,20.5,20.5,8,47.97,0,0,,0,0,5.5,1.2,268,1031,7,24.1,544,2,5,0,Clear,clear-day,
"Goczałkowice-Zdrój, Woj. Śląskie, Polska",2026-10-03T15:00:00,20.3,20.3,8.5,48.54,0,0,,0,0,5.6,1.8,307,1031,7,24.1,473,1.7,5,0,Clear,clear-day,
"Goczałkowice-Zdrój, Woj. Śląskie, Polska",2026-10-03T16:00:00,20,20,8.9,51.62,0,0,,0,0,5.8,2.7,23,1031,6,24.1,361,1.3,4,0,Clear,clear-day,
"Goczałkowice-Zdrój, Woj. Śląskie, Polska",2026-10-03T17:00:00,19.6,19.6,9.7,55.47,0,0,,0,0,7.2,4.2,51,1030,6,24.1,223,0.8,2,0,Clear,clear-day,
"Goczałkowice-Zdrój, Woj. Śląskie, Polska",2026-10-03T18:00:00,17.4,17.4,9,60.33,0,0,,0,0,9.3,5.7,87,1030,5,24.1,94,0.3,1,0,Clear,clear-day,
"Goczałkowice-Zdrój, Woj. Śląskie, Polska",2026-10-03T19:00:00,15.4,15.4,8.4,65.52,0,0,,0,0,10.8,6.5,108,1030,4,24.1,0,0,0,0,Clear,clear-night,
"Goczałkowice-Zdrój, Woj. Śląskie, Polska",2026-10-03T20:00:00,13.5,13.5,7.8,70.26,0,0,,0,0,11.2,6.8,113,1030,4,24.1,0,0,0,0,Clear,clear-night,
"Goczałkowice-Zdrój, Woj. Śląskie, Polska",2026-10-03T21:00:00,12.5,12.5,7.6,74.22,0,0,,0,0,10.1,6.6,123,1031,5,24.1,0,0,0,0,Clear,clear-night,
"Goczałkowice-Zdrój, Woj. Śląskie, Polska",2026-10-03T22:00:00,11.6,11.6,7.4,77.79,0,0,,0,0,8.4,6.1,132,1031,6,24.1,0,0,0,0,Clear,clear-night,
"Goczałkowice-Zdrój, Woj. Śląskie, Polska",2026-10-03T23:00:00,10.7,10.7,7.2,80.92,0,0,,0,0,7,5.7,142,1031,8,24.1,0,0,0,0,Clear,clear-night,
"Goczałkowice-Zdrój, Woj. Śląskie, Polska",2026-10-04T00:00:00,10,10,6.8,83.17,0,0,,0,0,6.4,5.2,152,1031,12,24.1,0,0,0,0,Clear,clear-night,
"Goczałkowice-Zdrój, Woj. Śląskie, Polska",2026-10-04T01:00:00,9.4,9.4,6.4,84.99,0,0,,0,0,6.1,4.8,164,1031,18,24.1,0,0,0,0,Clear,clear-night,
"Goczałkowice-Zdrój, Woj. Śląskie, Polska",2026-10-04T02:00:00,8.8,8.8,6.1,86.43,0,0,,0,0,5.9,4.5,174,1031,25,24.1,0,0,0,0,Partially cloudy,partly-cloudy-night,
"Goczałkowice-Zdrój, Woj. Śląskie, Polska",2026-10-04T03:00:00,8.3,8.3,5.7,87.09,0,0,,0,0,5.8,4.4,172,1031,35,24.1,0,0,0,0,Partially cloudy,partly-cloudy-night,
"Goczałkowice-Zdrój, Woj. Śląskie, Polska",2026-10-04T04:00:00,7.9,7.9,5.4,87.38,0,0,,0,0,5.9,4.4,170,1030,47,24.1,0,0,0,0,Partially cloudy,partly-cloudy-night,
"Goczałkowice-Zdrój, Woj. Śląskie, Polska",2026-10-04T05:00:00,7.5,7.5,5,87.22,0,0,,0,0,5.9,4.5,167,1030,56,24.1,0,0,0,0,Partially cloudy,partly-cloudy-night,
"Goczałkowice-Zdrój, Woj. Śląskie, Polska",2026-10-04T06:00:00,7.8,7.8,5,86.16,0,0,,0,0,6.1,4.8,170,1030,59,24.1,0,0,0,0,Partially cloudy,partly-cloudy-night,
"Goczałkowice-Zdrój, Woj. Śląskie, Polska",2026-10-04T07:00:00,8.1,7.5,5.1,84.66,0,0,,0,0,6.2,5.2,172,1030,58,24.1,13,0,0,0,Partially cloudy,partly-cloudy-day,
"Goczałkowice-Zdrój, Woj. Śląskie, Polska",2026-10-04T08:00:00,8.4,7.8,5.1,81.2,0,0,,0,0,6.8,5.4,174,1030,56,24.1,46,0.2,0,0,Partially cloudy,partly-cloudy-day,
"Goczałkowice-Zdrój, Woj. Śląskie, Polska",2026-10-04T09:00:00,11.4,11.4,5.7,73.81,0,0,,0,0,8.3,5.3,182,1030,50,24.1,129,0.5,1,0,Partially cloudy,partly-cloudy-day,
"Goczałkowice-Zdrój, Woj. Śląskie, Polska",2026-10-04T10:00:00,14.4,14.4,6.4,64.45,0,0,,0,0,10.4,5,190,1030,43,24.1,238,0.9,2,0,Partially cloudy,partly-cloudy-day,
"Goczałkowice-Zdrój, Woj. Śląskie, Polska",2026-10-04T11:00:00,17.4,17.4,7,56.18,0,0,,0,0,12.4,5,200,1030,37,24.1,333,1.2,3,0,Partially cloudy,partly-cloudy-day,
"Goczałkowice-Zdrój, Woj. Śląskie, Polska",2026-10-04T12:00:00,18.5,18.5,6.7,50.07,0,0,,0,0,14.4,5.7,211,1029,35,24.1,399,1.4,4,0,Partially cloudy,partly-cloudy-day,
"Goczałkowice-Zdrój, Woj. Śląskie, Polska",2026-10-04T13:00:00,19.7,19.7,6.4,45.04,0,0,,0,0,16.5,6.8,222,1029,33,24.1,451,1.6,5,0,Partially cloudy,partly-cloudy-day,
"Goczałkowice-Zdrój, Woj. Śląskie, Polska",2026-10-04T14:00:00,20.8,20.8,6.1,41.97,0,0,,0,0,17.6,7.5,233,1029,35,24.1,474,1.7,5,0,Partially cloudy,partly-cloudy-day,
"Goczałkowice-Zdrój, Woj. Śląskie, Polska",2026-10-04T15:00:00,20.1,20.1,6.2,42.84,0,0,,0,0,16.6,7.5,233,1028,43,24.1,439,1.6,4,0,Partially cloudy,partly-cloudy-day,
"Goczałkowice-Zdrój, Woj. Śląskie, Polska",2026-10-04T16:00:00,19.3,19.3,6.4,45.66,0,0,,0,0,14.5,7.1,233,1028,52,24.1,374,1.3,4,0,Partially cloudy,partly-cloudy-day,
"Goczałkowice-Zdrój, Woj. Śląskie, Polska",2026-10-04T17:00:00,18.6,18.6,6.6,49.28,0,0,,0,0,12.7,6.8,232,1028,59,24.1,302,1.1,3,0,Partially cloudy,partly-cloudy-day,
"Goczałkowice-Zdrój, Woj. Śląskie, Polska",2026-10-04T18:00:00,17,17,6.7,54.47,0,0,,0,0,11.7,6.8,220,1028,64,24.1,213,0.8,2,0,Partially cloudy,partly-cloudy-day,
"Goczałkowice-Zdrój, Woj. Śląskie, Polska",2026-10-04T19:00:00,15.4,15.4,6.8,60.44,0,0,,0,0,11,7,202,1028,67,24.1,0,0,0,0,Partially cloudy,partly-cloudy-night,
"Goczałkowice-Zdrój, Woj. Śląskie, Polska",2026-10-04T20:00:00,13.8,13.8,7,65.57,0,0,,0,0,10.8,7.1,174,1028,69,24.1,0,0,0,0,Partially cloudy,partly-cloudy-night,
"Goczałkowice-Zdrój, Woj. Śląskie, Polska",2026-10-04T21:00:00,13.1,13.1,6.8,69.01,0,7,,0,0,11.3,7.2,185,1028,69,24.1,0,0,0,0,Partially cloudy,partly-cloudy-night,
"Goczałkowice-Zdrój, Woj. Śląskie, Polska",2026-10-04T22:00:00,12.4,12.4,6.7,71.6,0,7,,0,0,12.2,7.2,192,1028,69,24.1,0,0,0,0,Partially cloudy,partly-cloudy-night,
"Goczałkowice-Zdrój, Woj. Śląskie, Polska",2026-10-04T23:00:00,11.7,11.7,6.6,73.94,0,7,,0,0,12.8,7.1,196,1028,67,24.1,0,0,0,0,Partially cloudy,partly-cloudy-night,
"Goczałkowice-Zdrój, Woj. Śląskie, Polska",2026-10-05T00:00:00,11.5,11.5,6.6,75.76,0,7,,0,0,12.7,7,200,1028,65,24.1,0,0,0,0,Partially cloudy,partly-cloudy-night,
"Goczałkowice-Zdrój, Woj. Śląskie, Polska",2026-10-05T01:00:00,11.3,11.3,6.6,77.33,0,7,,0,0,12.3,6.7,204,1028,62,24.1,0,0,0,0,Partially cloudy,partly-cloudy-night,
"Goczałkowice-Zdrój, Woj. Śląskie, Polska",2026-10-05T02:00:00,11,11,6.6,78.96,0,7,,0,0,11.8,6.4,206,1028,61,24.1,0,0,0,0,Partially cloudy,partly-cloudy-night,
"Goczałkowice-Zdrój, Woj. Śląskie, Polska",2026-10-05T03:00:00,10.7,10.7,6.7,80.73,0,3,,0,0,11.1,6.1,208,1028,62,24.1,0,0,0,0,Partially cloudy,partly-cloudy-night,
"Goczałkowice-Zdrój, Woj. Śląskie, Polska",2026-10-05T04:00:00,10.4,10.4,6.8,82.57,0,3,,0,0,10.3,5.8,209,1028,64,24.1,0,0,0,0,Partially cloudy,partly-cloudy-night,
"Goczałkowice-Zdrój, Woj. Śląskie, Polska",2026-10-05T05:00:00,10.1,10.1,6.9,83.97,0,3,,0,0,9.8,5.6,209,1028,67,24.1,0,0,0,0,Partially cloudy,partly-cloudy-night,
"Goczałkowice-Zdrój, Woj. Śląskie, Polska",2026-10-05T06:00:00,10.2,10.2,7,84.52,0,3,,0,0,10,5.4,208,1028,72,24.1,0,0,0,0,Partially cloudy,partly-cloudy-night,
"Goczałkowice-Zdrój, Woj. Śląskie, Polska",2026-10-05T07:00:00,10.3,10.3,7.2,84.63,0,3,,0,0,10.5,5.3,206,1028,77,24.1,3,0,0,0,Partially cloudy,partly-cloudy-day,
"Goczałkowice-Zdrój, Woj. Śląskie, Polska",2026-10-05T08:00:00,10.4,10.4,7.3,83.11,0,3,,0,0,10.4,5.2,204,1028,80,24.1,15,0.1,0,0,Partially cloudy,partly-cloudy-day,
"Goczałkowice-Zdrój, Woj. Śląskie, Polska",2026-10-05T09:00:00,12,12,7.6,78.33,0,7,,0,0,9.2,5,209,1028,77,24.1,48,0.2,0,0,Partially cloudy,partly-cloudy-day,
"Goczałkowice-Zdrój, Woj. Śląskie, Polska",2026-10-05T10:00:00,13.7,13.7,7.9,71.91,0,7,,0,0,7.3,4.8,219,1028,70,24.1,90,0.3,1,0,Partially cloudy,partly-cloudy-day,
"Goczałkowice-Zdrój, Woj. Śląskie, Polska",2026-10-05T11:00:00,15.3,15.3,8.3,66.11,0.033,7,rain,0,0,6.1,4.7,234,1028,64,24.1,137,0.5,1,0,Partially cloudy,partly-cloudy-day,
"Goczałkowice-Zdrój, Woj. Śląskie, Polska",2026-10-05T12:00:00,16.5,16.5,8.5,61.55,0.033,7,rain,0,0,6.3,4.8,253,1027,58,24.1,192,0.7,2,0,Partially cloudy,partly-cloudy-day,
"Goczałkowice-Zdrój, Woj. Śląskie, Polska",2026-10-05T13:00:00,17.5,17.5,8.8,57.6,0.033,7,rain,0,0,7.2,5.1,272,1027,52,24.1,252,0.9,3,0,Partially cloudy,partly-cloudy-day,
"Goczałkowice-Zdrój, Woj. Śląskie, Polska",2026-10-05T14:00:00,18.7,18.7,9,55.7,0,7,,0,0,7.5,5,286,1027,41,24.1,295,1.1,3,0,Partially cloudy,partly-cloudy-day,
"Goczałkowice-Zdrój, Woj. Śląskie, Polska",2026-10-05T15:00:00,18.1,18.1,9.4,57.31,0,10,,0,0,6.7,4.1,279,1027,30,24.1,305,1.1,3,0,Partially cloudy,partly-cloudy-day,
"Goczałkowice-Zdrój, Woj. Śląskie, Polska",2026-10-05T16:00:00,17.6,17.6,9.3,59.8,0,10,,0,0,5.4,2.6,281,1026,29,24.1,299,1.1,3,0,Partially cloudy,partly-cloudy-day,
"Goczałkowice-Zdrój, Woj. Śląskie, Polska",2026-10-05T17:00:00,17.1,17.1,9.1,62.69,0,10,,0,0,4.8,1.7,294,1026,31,24.1,272,1,3,0,Partially cloudy,partly-cloudy-day,
"Goczałkowice-Zdrój, Woj. Śląskie, Polska",2026-10-05T18:00:00,15.7,15.7,9,67.5,0,10,,0,0,5.7,2.1,278,1026,26,24.1,201,0.7,2,0,Partially cloudy,partly-cloudy-day,
"Goczałkowice-Zdrój, Woj. Śląskie, Polska",2026-10-05T19:00:00,14.3,14.3,8.9,73.62,0,10,,0,0,7.2,3,109,1026,19,24.1,0,0,0,0,Clear,clear-night,
"Goczałkowice-Zdrój, Woj. Śląskie, Polska",2026-10-05T20:00:00,13,13,8.9,79.39,0,10,,0,0,8.3,3.8,90,1026,16,24.1,0,0,0,0,Clear,clear-night,
"Goczałkowice-Zdrój, Woj. Śląskie, Polska",2026-10-05T21:00:00,12.2,12.2,8.6,83.45,0,13,,0,0,8.8,4.4,111,1026,22,24.1,0,0,0,0,Partially cloudy,partly-cloudy-night,
"Goczałkowice-Zdrój, Woj. Śląskie, Polska",2026-10-05T22:00:00,11.4,11.4,8.4,86.49,0,13,,0,0,9,4.7,125,1026,32,24.1,0,0,0,0,Partially cloudy,partly-cloudy-night,
"Goczałkowice-Zdrój, Woj. Śląskie, Polska",2026-10-05T23:00:00,10.7,10.7,8.1,89.12,0,13,,0,0,8.9,4.9,132,1026,41,24.1,0,0,0,0,Partially cloudy,partly-cloudy-night,
"Goczałkowice-Zdrój, Woj. Śląskie, Polska",2026-10-06T00:00:00,10.1,10.1,7.8,90.94,0,13,,0,0,8.4,4.9,139,1026,49,24.1,0,0,0,0,Partially cloudy,partly-cloudy-night,
"Goczałkowice-Zdrój, Woj. Śląskie, Polska",2026-10-06T01:00:00,9.6,9.6,7.5,92.35,0,13,,0,0,7.7,4.6,148,1026,57,24.1,0,0,0,0,Partially cloudy,partly-cloudy-night,
"Goczałkowice-Zdrój, Woj. Śląskie, Polska",2026-10-06T02:00:00,9.1,9.1,7.2,93.06,0,13,,0,0,7.4,4.6,155,1026,64,24.1,0,0,0,0,Partially cloudy,partly-cloudy-night,
"Goczałkowice-Zdrój, Woj. Śląskie, Polska",2026-10-06T03:00:00,9.7,9.7,7.3,92.69,0,3,,0,0,7.7,4.8,157,1026,68,24.1,0,0,0,0,Partially cloudy,partly-cloudy-night,
"Goczałkowice-Zdrój, Woj. Śląskie, Polska",2026-10-06T04:00:00,9.6,9.3,7.2,92.32,0,3,,0,0,8.4,5.1,158,1026,71,24.1,0,0,0,0,Partially cloudy,partly-cloudy-night,
"Goczałkowice-Zdrój, Woj. Śląskie, Polska",2026-10-06T05:00:00,9.6,9.1,7.2,92.34,0,3,,0,0,9.3,5.5,160,1026,73,24.1,0,0,0,0,Partially cloudy,partly-cloudy-night,
"Goczałkowice-Zdrój, Woj. Śląskie, Polska",2026-10-06T06:00:00,9.4,8.9,7.1,92.41,0,3,,0,0,10.8,5.9,161,1026,73,24.1,0,0,0,0,Partially cloudy,partly-cloudy-night,
"Goczałkowice-Zdrój, Woj. Śląskie, Polska",2026-10-06T07:00:00,9.3,8.6,7,92.52,0,3,,0,0,12.4,6.4,163,1026,73,24.1,9,0,0,0,Partially cloudy,partly-cloudy-day,
"Goczałkowice-Zdrój, Woj. Śląskie, Polska",2026-10-06T08:00:00,9.2,8.3,7,90.71,0,3,,0,0,13.7,7,164,1026,71,24.1,38,0.1,0,0,Partially cloudy,partly-cloudy-day,
"Goczałkowice-Zdrój, Woj. Śląskie, Polska",2026-10-06T09:00:00,11.1,11.1,7.2,85.07,0,0,,0,0,14.4,7.9,168,1025,64,24.1,114,0.4,1,0,Partially cloudy,partly-cloudy-day,
"Goczałkowice-Zdrój, Woj. Śląskie, Polska",2026-10-06T10:00:00,13,13,7.5,77.5,0,0,,0,0,14.6,9,172,1025,55,24.1,214,0.8,2,0,Partially cloudy,partly-cloudy-day,
"Goczałkowice-Zdrój, Woj. Śląskie, Polska",2026-10-06T11:00:00,14.9,14.9,7.8,70.09,0,0,,0,0,14.7,9.9,176,1025,46,24.1,307,1.1,3,0,Partially cloudy,partly-cloudy-day,
"Goczałkowice-Zdrój, Woj. Śląskie, Polska",2026-10-06T12:00:00,16.6,16.6,8,62.99,0,0,,0,0,14.4,10.6,182,1024,38,24.1,387,1.4,4,0,Partially cloudy,partly-cloudy-day,
"Goczałkowice-Zdrój, Woj. Śląskie, Polska",2026-10-06T13:00:00,18.2,18.2,8.3,56.04,0,0,,0,0,13.8,11.1,189,1024,30,24.1,459,1.7,5,0,Partially cloudy,partly-cloudy-day,
"Goczałkowice-Zdrój, Woj. Śląskie, Polska",2026-10-06T14:00:00,19.9,19.9,8.6,51.7,0,0,,0,0,13.1,11.3,195,1024,25,24.1,496,1.8,5,0,Partially cloudy,partly-cloudy-day,
"Goczałkowice-Zdrój, Woj. Śląskie, Polska",2026-10-06T15:00:00,19,19,8.6,52.61,0,0,,0,0,12.3,10.8,190,1023,26,24.1,461,1.7,5,0,Partially cloudy,partly-cloudy-day,
"Goczałkowice-Zdrój, Woj. Śląskie, Polska",2026-10-06T16:00:00,18.2,18.2,8.6,56.13,0,0,,0,0,11.3,9.9,183,1023,29,24.1,390,1.4,4,0,Partially cloudy,partly-cloudy-day,
"Goczałkowice-Zdrój, Woj. Śląskie, Polska",2026-10-06T17:00:00,17.3,17.3,8.6,59.6,0,0,,0,0,11,9.3,175,1023,32,24.1,311,1.1,3,0,Partially cloudy,partly-cloudy-day,
"Goczałkowice-Zdrój, Woj. Śląskie, Polska",2026-10-06T18:00:00,16.3,16.3,8.3,62.98,0,0,,0,0,12,9.2,163,1023,33,24.1,217,0.8,2,0,Partially cloudy,partly-cloudy-day,
"Goczałkowice-Zdrój, Woj. Śląskie, Polska",2026-10-06T19:00:00,15.2,15.2,7.9,66.3,0,0,,0,0,13.7,9.4,153,1022,34,24.1,0,0,0,0,Partially cloudy,partly-cloudy-night,
"Goczałkowice-Zdrój, Woj. Śląskie, Polska",2026-10-06T20:00:00,14.2,14.2,7.6,69.09,0,0,,0,0,14.5,9.4,147,1022,33,24.1,0,0,0,0,Partially cloudy,partly-cloudy-night,
"Goczałkowice-Zdrój, Woj. Śląskie, Polska",2026-10-06T21:00:00,13.5,13.5,7.3,70.83,0,7,,0,0,13.7,9.2,152,1022,29,24.1,0,0,0,0,Partially cloudy,partly-cloudy-night,
"Goczałkowice-Zdrój, Woj. Śląskie, Polska",2026-10-06T22:00:00,12.9,12.9,6.9,72.03,0,7,,0,0,12,8.9,158,1022,22,24.1,0,0,0,0,Partially cloudy,partly-cloudy-night,
"Goczałkowice-Zdrój, Woj. Śląskie, Polska",2026-10-06T23:00:00,12.4,12.4,6.6,73.2,0,7,,0,0,10.4,8.6,164,1022,17,24.1,0,0,0,0,Clear,clear-night,
"Goczałkowice-Zdrój, Woj. Śląskie, Polska",2026-10-07T00:00:00,11.9,11.9,6.3,74.29,0,7,,0,0,8.7,8.1,169,1022,14,24.1,0,0,0,0,Clear,clear-night,
"Goczałkowice-Zdrój, Woj. Śląskie, Polska",2026-10-07T01:00:00,11.4,11.4,6,75.34,0,7,,0,0,7,7.7,174,1022,11,24.1,0,0,0,0,Clear,clear-night,
"Goczałkowice-Zdrój, Woj. Śląskie, Polska",2026-10-07T02:00:00,10.9,10.9,5.6,76.09,0,7,,0,0,6,7.5,179,1022,8,24.1,0,0,0,0,Clear,clear-night,
"Goczałkowice-Zdrój, Woj. Śląskie, Polska",2026-10-07T03:00:00,10.8,10.8,5.6,76.24,0,3,,0,0,6.3,7.8,176,1021,7,24.1,0,0,0,0,Clear,clear-night,
"Goczałkowice-Zdrój, Woj. Śląskie, Polska",2026-10-07T04:00:00,10.8,10.8,5.5,76.09,0,3,,0,0,7.3,8.4,173,1021,5,24.1,0,0,0,0,Clear,clear-night,
"Goczałkowice-Zdrój, Woj. Śląskie, Polska",2026-10-07T05:00:00,10.7,10.7,5.5,75.86,0,3,,0,0,8.2,8.8,171,1021,4,24.1,0,0,0,0,Clear,clear-night,
"Goczałkowice-Zdrój, Woj. Śląskie, Polska",2026-10-07T06:00:00,10.8,10.8,5.4,75.48,0,3,,0,0,8.8,9,170,1021,3,24.1,0,0,0,0,Clear,clear-night,
"Goczałkowice-Zdrój, Woj. Śląskie, Polska",2026-10-07T07:00:00,10.8,10.8,5.4,75.03,0,3,,0,0,9.4,9.1,170,1021,2,24.1,10,0,0,0,Clear,clear-day,
"Goczałkowice-Zdrój, Woj. Śląskie, Polska",2026-10-07T08:00:00,10.9,10.9,5.4,73.18,0,3,,0,0,9.9,9.3,169,1021,2,24.1,39,0.1,0,0,Clear,clear-day,
"Goczałkowice-Zdrój, Woj. Śląskie, Polska",2026-10-07T09:00:00,12.6,12.6,5.7,68.53,0,7,,0,0,10.2,9.5,172,1020,1,24.1,116,0.4,1,0,Clear,clear-day,
"Goczałkowice-Zdrój, Woj. Śląskie, Polska",2026-10-07T10:00:00,14.5,14.5,6,62.48,0,7,,0,0,10.5,9.8,175,1020,1,24.1,218,0.8,2,0,Clear,clear-day,
"Goczałkowice-Zdrój, Woj. Śląskie, Polska",2026-10-07T11:00:00,16.5,16.5,6.3,56.53,0,7,,0,0,11.1,10.2,177,1019,1,24.1,311,1.1,3,0,Clear,clear-day,
"Goczałkowice-Zdrój, Woj. Śląskie, Polska",2026-10-07T12:00:00,18,18,6.3,50.77,0,7,,0,0,12.6,10.8,182,1019,1,24.1,390,1.4,4,0,Clear,clear-day,
"Goczałkowice-Zdrój, Woj. Śląskie, Polska",2026-10-07T13:00:00,19.5,19.5,6.2,45.11,0,7,,0,0,14.4,11.5,189,1018,1,24.1,460,1.7,5,0,Clear,clear-day,
"Goczałkowice-Zdrój, Woj. Śląskie, Polska",2026-10-07T14:00:00,21.1,21.1,6.2,41.86,0,7,,0,0,14.7,11.4,197,1018,2,24.1,497,1.8,5,0,Clear,clear-day,
"Goczałkowice-Zdrój, Woj. Śląskie, Polska",2026-10-07T15:00:00,20.1,20.1,6.4,43.42,0,16,,0,0,12.1,9.9,196,1018,6,24.1,464,1.7,5,0,Clear,clear-day,
"Goczałkowice-Zdrój, Woj. Śląskie, Polska",2026-10-07T16:00:00,19.1,19.1,6.6,47.38,0,16,,0,0,8.1,7.8,194,1018,11,24.1,397,1.4,4,0,Clear,clear-day,
"Goczałkowice-Zdrój, Woj. Śląskie, Polska",2026-10-07T17:00:00,18.1,18.1,6.8,51.36,0,16,,0,0,5.3,6.4,191,1017,16,24.1,321,1.2,3,0,Clear,clear-day,
"Goczałkowice-Zdrój, Woj. Śląskie, Polska",2026-10-07T18:00:00,16.8,16.8,6.7,55.41,0,16,,0,0,4.8,6.3,188,1017,21,24.1,226,0.8,2,0,Partially cloudy,partly-cloudy-day,
"Goczałkowice-Zdrój, Woj. Śląskie, Polska",2026-10-07T19:00:00,15.4,15.4,6.5,59.48,0,16,,0,0,5.5,6.8,184,1017,26,24.1,0,0,0,0,Partially cloudy,partly-cloudy-night,
"Goczałkowice-Zdrój, Woj. Śląskie, Polska",2026-10-07T20:00:00,14.1,14.1,6.4,62.9,0,16,,0,0,5.9,7.1,180,1017,31,24.1,0,0,0,0,Partially cloudy,partly-cloudy-night,
"Goczałkowice-Zdrój, Woj. Śląskie, Polska",2026-10-07T21:00:00,13.5,13.5,6.2,65.01,0,23,,0,0,5.8,7,178,1017,36,24.1,0,0,0,0,Partially cloudy,partly-cloudy-night,
"Goczałkowice-Zdrój, Woj. Śląskie, Polska",2026-10-07T22:00:00,13.1,13.1,6,66.47,0,23,,0,0,5.4,6.7,177,1017,40,24.1,0,0,0,0,Partially cloudy,partly-cloudy-night,
"Goczałkowice-Zdrój, Woj. Śląskie, Polska",2026-10-07T23:00:00,12.6,12.6,5.8,67.86,0,23,,0,0,5.5,6.7,175,1017,45,24.1,0,0,0,0,Partially cloudy,partly-cloudy-night,
"Goczałkowice-Zdrój, Woj. Śląskie, Polska",2026-10-08T00:00:00,12.2,12.2,5.6,69.12,0,23,,0,0,6.5,7.1,172,1017,49,24.1,0,0,0,0,Partially cloudy,partly-cloudy-night,
"Goczałkowice-Zdrój, Woj. Śląskie, Polska",2026-10-08T01:00:00,11.6,11.6,5.3,70.31,0,23,,0,0,8,7.7,168,1016,54,24.1,0,0,0,0,Partially cloudy,partly-cloudy-night,
"Goczałkowice-Zdrój, Woj. Śląskie, Polska",2026-10-08T02:00:00,11.2,11.2,5.1,71.58,0,23,,0,0,9.2,8.2,164,1016,57,24.1,0,0,0,0,Partially cloudy,partly-cloudy-night,
"Goczałkowice-Zdrój, Woj. Śląskie, Polska",2026-10-08T03:00:00,11.1,11.1,5.2,73.01,0,10,,0,0,9.8,8.6,164,1016,59,24.1,0,0,0,0,Partially cloudy,partly-cloudy-night,
"Goczałkowice-Zdrój, Woj. Śląskie, Polska",2026-10-08T04:00:00,11.1,11.1,5.4,74.52,0,10,,0,0,10.1,8.8,163,1016,60,24.1,0,0,0,0,Partially cloudy,partly-cloudy-night,
"Goczałkowice-Zdrój, Woj. Śląskie, Polska",2026-10-08T05:00:00,11,11,5.5,76.05,0,10,,0,0,10.2,8.9,162,1016,61,24.1,0,0,0,0,Partially cloudy,partly-cloudy-night,
"Goczałkowice-Zdrój, Woj. Śląskie, Polska",2026-10-08T06:00:00,10.9,10.9,5.8,77.62,0,10,,0,0,9.9,8.8,163,1016,62,24.1,0,0,0,0,Partially cloudy,partly-cloudy-night,
"Goczałkowice-Zdrój, Woj. Śląskie, Polska",2026-10-08T07:00:00,10.9,10.9,6.2,79.21,0,10,,0,0,9.5,8.5,162,1016,62,24.1,9,0,0,0,Partially cloudy,partly-cloudy-day,
"Goczałkowice-Zdrój, Woj. Śląskie, Polska",2026-10-08T08:00:00,10.9,10.9,6.5,79.5,0,10,,0,0,9.2,8.3,161,1016,63,24.1,38,0.1,0,0,Partially cloudy,partly-cloudy-day,
"Goczałkowice-Zdrój, Woj. Śląskie, Polska",2026-10-08T09:00:00,12.2,12.2,6.6,77.19,0,19,,0,0,9.1,8.4,167,1016,64,24.1,115,0.4,1,0,Partially cloudy,partly-cloudy-day,
"Goczałkowice-Zdrój, Woj. Śląskie, Polska",2026-10-08T10:00:00,13.4,13.4,6.8,73.6,0,19,,0,0,9.1,8.5,173,1016,65,24.1,216,0.8,2,0,Partially cloudy,partly-cloudy-day,
"Goczałkowice-Zdrój, Woj. Śląskie, Polska",2026-10-08T11:00:00,14.6,14.6,6.9,70.14,0,19,,0,0,9.9,9,180,1016,67,24.1,306,1.1,3,0,Partially cloudy,partly-cloudy-day,
"Goczałkowice-Zdrój, Woj. Śląskie, Polska",2026-10-08T12:00:00,15.3,15.3,7,66.98,0,19,,0,0,12.3,10,189,1016,70,24.1,375,1.3,4,0,Partially cloudy,partly-cloudy-day,
"Goczałkowice-Zdrój, Woj. Śląskie, Polska",2026-10-08T13:00:00,16.1,16.1,7,63.96,0,19,,0,0,15.5,11.3,201,1016,74,24.1,433,1.6,4,0,Partially cloudy,partly-cloudy-day,
"Goczałkowice-Zdrój, Woj. Śląskie, Polska",2026-10-08T14:00:00,16.8,16.8,7.1,61.92,0,19,,0,0,16.8,12,214,1016,77,24.1,457,1.6,5,0,Partially cloudy,partly-cloudy-day,
"Goczałkowice-Zdrój, Woj. Śląskie, Polska",2026-10-08T15:00:00,16.2,16.2,7.1,61.82,0,29,rain,0,0,14.6,11.2,214,1016,78,24.1,413,1.5,4,0,Partially cloudy,partly-cloudy-day,
"Goczałkowice-Zdrój, Woj. Śląskie, Polska",2026-10-08T16:00:00,15.6,15.6,7,62.69,0,29,rain,0,0,10.6,9.8,213,1017,77,24.1,336,1.2,3,0,Partially cloudy,partly-cloudy-day,
"Goczałkowice-Zdrój, Woj. Śląskie, Polska",2026-10-08T17:00:00,14.9,14.9,7,63.53,0,29,,0,0,8,8.9,211,1017,77,24.1,257,0.9,3,0,Partially cloudy,partly-cloudy-day,
"Goczałkowice-Zdrój, Woj. Śląskie, Polska",2026-10-08T18:00:00,14.1,14.1,6.5,64.29,0,29,,0,0,8,9.1,209,1017,77,24.1,177,0.6,2,0,Partially cloudy,partly-cloudy-day,
"Goczałkowice-Zdrój, Woj. Śląskie, Polska",2026-10-08T19:00:00,13.3,13.3,6.1,65.02,0,29,,0,0,9.4,9.9,205,1017,78,24.1,0,0,0,0,Partially cloudy,partly-cloudy-night,
"Goczałkowice-Zdrój, Woj. Śląskie, Polska",2026-10-08T20:00:00,12.5,12.5,5.7,65.93,0,29,,0,0,10.2,10.4,201,1017,76,24.1,0,0,0,0,Partially cloudy,partly-cloudy-night,
"Goczałkowice-Zdrój, Woj. Śląskie, Polska",2026-10-08T21:00:00,12.2,12.2,5.5,67.22,0,32,,0,0,10.1,10.4,198,1018,70,24.1,0,0,0,0,Partially cloudy,partly-cloudy-night,
"Goczałkowice-Zdrój, Woj. Śląskie, Polska",2026-10-08T22:00:00,12,12,5.4,68.7,0,32,,0,0,9.4,10.1,195,1018,62,24.1,0,0,0,0,Partially cloudy,partly-cloudy-night,
"Goczałkowice-Zdrój, Woj. Śląskie, Polska",2026-10-08T23:00:00,11.7,11.7,5.2,70.22,0,32,,0,0,8.7,9.7,193,1018,52,24.1,0,0,0,0,Partially cloudy,partly-cloudy-night,
"Goczałkowice-Zdrój, Woj. Śląskie, Polska",2026-10-09T00:00:00,11.3,11.3,5.1,71.84,0,32,,0,0,7.9,9.1,195,1018,42,24.1,0,0,0,0,Partially cloudy,partly-cloudy-night,
"Goczałkowice-Zdrój, Woj. Śląskie, Polska",2026-10-09T01:00:00,10.9,10.9,4.9,73.51,0,32,,0,0,7,8.6,197,1018,35,24.1,0,0,0,0,Partially cloudy,partly-cloudy-night,
"Goczałkowice-Zdrój, Woj. Śląskie, Polska",2026-10-09T02:00:00,10.5,10.5,4.7,74.9,0,32,,0,0,6.6,8.3,199,1018,32,24.1,0,0,0,0,Partially cloudy,partly-cloudy-night,
"Goczałkowice-Zdrój, Woj. Śląskie, Polska",2026-10-09T03:00:00,10.4,10.4,4.8,75.75,0,13,,0,0,6.9,8.4,199,1018,36,24.1,0,0,0,0,Partially cloudy,partly-cloudy-night,
"Goczałkowice-Zdrój, Woj. Śląskie, Polska",2026-10-09T04:00:00,10.3,10.3,4.9,76.34,0,13,,0,0,7.6,8.8,199,1018,44,24.1,0,0,0,0,Partially cloudy,partly-cloudy-night,
"Goczałkowice-Zdrój, Woj. Śląskie, Polska",2026-10-09T05:00:00,10.2,10.2,4.9,76.88,0,13,,0,0,8.2,9.1,200,1018,54,24.1,0,0,0,0,Partially cloudy,partly-cloudy-night,
"Goczałkowice-Zdrój, Woj. Śląskie, Polska",2026-10-09T06:00:00,10.2,10.2,5,77.34,0,13,,0,0,8.7,9.1,200,1018,67,24.1,0,0,0,0,Partially cloudy,partly-cloudy-night,
"Goczałkowice-Zdrój, Woj. Śląskie, Polska",2026-10-09T07:00:00,10.2,10.2,5,77.75,0,13,,0,0,9.1,9.1,201,1018,78,24.1,1,0,0,0,Partially cloudy,partly-cloudy-day,
"Goczałkowice-Zdrój, Woj. Śląskie, Polska",2026-10-09T08:00:00,10.2,10.2,5.1,77.39,0,13,,0,0,11.3,9.3,201,1018,84,24.1,13,0,0,0,Partially cloudy,partly-cloudy-day,
"Goczałkowice-Zdrój, Woj. Śląskie, Polska",2026-10-09T09:00:00,11,11,5.5,75.49,0,13,,0,0,17.1,10.1,205,1018,84,24.1,50,0.2,1,0,Partially cloudy,partly-cloudy-day,
"Goczałkowice-Zdrój, Woj. Śląskie, Polska",2026-10-09T10:00:00,11.8,11.8,5.8,72.81,0,13,,0,0,24.7,11.2,210,1018,79,24.1,99,0.4,1,0,Partially cloudy,partly-cloudy-day,
"Goczałkowice-Zdrój, Woj. Śląskie, Polska",2026-10-09T11:00:00,12.6,12.6,6.2,70.42,0,13,,0,0,29.6,11.8,215,1018,76,24.1,140,0.5,1,0,Partially cloudy,partly-cloudy-day,
"Goczałkowice-Zdrój, Woj. Śląskie, Polska",2026-10-09T12:00:00,12.9,12.9,6.7,68.6,0,13,,0,0,29.3,11.5,220,1018,73,24.1,165,0.6,2,0,Partially cloudy,partly-cloudy-day,
"Goczałkowice-Zdrój, Woj. Śląskie, Polska",2026-10-09T13:00:00,13.1,13.1,7.1,67.07,0,13,,0,0,26.2,10.7,226,1018,71,24.1,183,0.7,2,0,Partially cloudy,partly-cloudy-day,
"Goczałkowice-Zdrój, Woj. Śląskie, Polska",2026-10-09T14:00:00,13.4,13.4,7.6,66.52,0,13,,0,0,23.1,10,231,1018,69,24.1,184,0.7,2,0,Partially cloudy,partly-cloudy-day,
"Goczałkowice-Zdrój, Woj. Śląskie, Polska",2026-10-09T15:00:00,13,13,7.6,67.96,0,23,,0,0,19.9,9.4,226,1018,67,24.1,152,0.5,2,0,Partially cloudy,partly-cloudy-day,
"Goczałkowice-Zdrój, Woj. Śląskie, Polska",2026-10-09T16:00:00,12.6,12.6,7.6,70.39,0,23,,0,0,16.6,9,221,1018,64,24.1,105,0.4,1,0,Partially cloudy,partly-cloudy-day,
"Goczałkowice-Zdrój, Woj. Śląskie, Polska",2026-10-09T17:00:00,12.2,12.2,7.6,72.88,0,23,,0,0,13.6,8.7,215,1018,62,24.1,65,0.2,1,0,Partially cloudy,partly-cloudy-day,
"Goczałkowice-Zdrój, Woj. Śląskie, Polska",2026-10-09T18:00:00,11.6,11.6,7.5,75.49,0,23,,0,0,11.5,8.6,210,1018,60,24.1,40,0.1,0,0,Partially cloudy,partly-cloudy-day,
"Goczałkowice-Zdrój, Woj. Śląskie, Polska",2026-10-09T19:00:00,10.9,10.9,7.4,78.17,0,23,,0,0,9.7,8.6,205,1018,57,24.1,0,0,0,0,Partially cloudy,partly-cloudy-night,
"Goczałkowice-Zdrój, Woj. Śląskie, Polska",2026-10-09T20:00:00,10.3,10.3,7.3,80.35,0,23,,0,0,8.5,8.7,200,1018,55,24.1,0,0,0,0,Partially cloudy,partly-cloudy-night,
"Goczałkowice-Zdrój, Woj. Śląskie, Polska",2026-10-09T21:00:00,10,8.8,7,81.52,0,36,rain,0,0,8.4,9,197,1018,53,24.1,0,0,0,0,Partially cloudy,partly-cloudy-night,
"Goczałkowice-Zdrój, Woj. Śląskie, Polska",2026-10-09T22:00:00,9.6,8.3,6.8,82.19,0,36,rain,0,0,9,9.3,195,1018,52,24.1,0,0,0,0,Partially cloudy,partly-cloudy-night,
"Goczałkowice-Zdrój, Woj. Śląskie, Polska",2026-10-09T23:00:00,9.3,7.8,6.6,82.76,0,36,,0,0,9.1,9.5,196,1017,51,24.1,0,0,0,0,Partially cloudy,partly-cloudy-night,
"Goczałkowice-Zdrój, Woj. Śląskie, Polska",2026-10-10T00:00:00,9,7.5,6.2,83.11,0,36,,0,0,8.3,9.5,192,1017,49,24.1,0,0,0,0,Partially cloudy,partly-cloudy-night,
"Goczałkowice-Zdrój, Woj. Śląskie, Polska",2026-10-10T01:00:00,8.6,7.2,5.9,83.35,0,36,,0,0,7,9.3,190,1017,48,24.1,0,0,0,0,Partially cloudy,partly-cloudy-night,
"Goczałkowice-Zdrój, Woj. Śląskie, Polska",2026-10-10T02:00:00,8.3,6.8,5.5,83.44,0,36,rain,0,0,6.1,9.1,190,1017,48,24.1,0,0,0,0,Partially cloudy,partly-cloudy-night,
"Goczałkowice-Zdrój, Woj. Śląskie, Polska",2026-10-10T03:00:00,8.3,6.9,5.5,83.23,0,10,,0,0,5.7,9.1,190,1017,52,24.1,0,0,0,0,Partially cloudy,partly-cloudy-night,
"Goczałkowice-Zdrój, Woj. Śląskie, Polska",2026-10-10T04:00:00,8.4,6.9,5.4,82.86,0,10,,0,0,5.5,9.1,191,1016,58,24.1,0,0,0,0,Partially cloudy,partly-cloudy-night,
"Goczałkowice-Zdrój, Woj. Śląskie, Polska",2026-10-10T05:00:00,8.4,6.8,5.4,82.42,0,10,,0,0,5.7,9.2,192,1016,64,24.1,0,0,0,0,Partially cloudy,partly-cloudy-night,
"Goczałkowice-Zdrój, Woj. Śląskie, Polska",2026-10-10T06:00:00,8.6,7.1,5.4,81.84,0,10,,0,0,6.3,9.5,193,1016,71,24.1,0,0,0,0,Partially cloudy,partly-cloudy-night,
"Goczałkowice-Zdrój, Woj. Śląskie, Polska",2026-10-10T07:00:00,8.8,7.3,5.5,81.19,0,10,,0,0,7.3,9.9,195,1015,79,24.1,7,0,0,0,Partially cloudy,partly-cloudy-day,
"Goczałkowice-Zdrój, Woj. Śląskie, Polska",2026-10-10T08:00:00,9,7.5,5.5,80.15,0,10,,0,0,8.4,10.1,196,1015,85,24.1,24,0.1,0,0,Partially cloudy,partly-cloudy-day,
"Goczałkowice-Zdrój, Woj. Śląskie, Polska",2026-10-10T09:00:00,10,10,5.9,78.3,0,10,,0,0,9.7,10.2,200,1015,88,24.1,69,0.2,1,0,Partially cloudy,partly-cloudy-day,
"Goczałkowice-Zdrój, Woj. Śląskie, Polska",2026-10-10T10:00:00,11,11,6.3,76.06,0,10,,0,0,11,10.1,204,1015,88,24.1,128,0.5,1,0,Partially cloudy,partly-cloudy-day,
"Goczałkowice-Zdrój, Woj. Śląskie, Polska",2026-10-10T11:00:00,12,12,6.7,74,0,10,,0,0,13,10.5,207,1014,88,24.1,192,0.7,2,0,Partially cloudy,partly-cloudy-day,
"Goczałkowice-Zdrój, Woj. Śląskie, Polska",2026-10-10T12:00:00,12.8,12.8,7.4,72.3,0,10,,0,0,16.3,11.8,211,1014,86,24.1,267,1,3,0,Partially cloudy,partly-cloudy-day,
"Goczałkowice-Zdrój, Woj. Śląskie, Polska",2026-10-10T13:00:00,13.7,13.7,8.1,70.78,0,10,,0,0,20.1,13.5,215,1014,83,24.1,348,1.3,3,0,Partially cloudy,partly-cloudy-day,
"Goczałkowice-Zdrój, Woj. Śląskie, Polska",2026-10-10T14:00:00,14.5,14.5,8.7,70.02,0,10,,0,0,22.3,14.4,217,1014,82,24.1,394,1.4,4,0,Partially cloudy,partly-cloudy-day,
"Goczałkowice-Zdrój, Woj. Śląskie, Polska",2026-10-10T15:00:00,14.2,14.2,8.7,70.76,0,10,,0,0,21.1,13.4,216,1014,83,24.1,372,1.3,4,0,Partially cloudy,partly-cloudy-day,
"Goczałkowice-Zdrój, Woj. Śląskie, Polska",2026-10-10T16:00:00,13.8,13.8,8.8,72.26,0,10,,0,0,18.2,11.2,214,1014,86,24.1,316,1.1,3,0,Partially cloudy,partly-cloudy-day,
"Goczałkowice-Zdrój, Woj. Śląskie, Polska",2026-10-10T17:00:00,13.4,13.4,8.8,73.88,0,10,,0,0,15.3,9.3,211,1014,88,24.1,253,0.9,3,0,Partially cloudy,partly-cloudy-day,
"Goczałkowice-Zdrój, Woj. Śląskie, Polska",2026-10-10T18:00:00,12.7,12.7,8.6,75.74,0,10,,0,0,12.3,8,200,1014,88,24.1,177,0.6,2,0,Partially cloudy,partly-cloudy-day,
"Goczałkowice-Zdrój, Woj. Śląskie, Polska",2026-10-10T19:00:00,12,12,8.5,77.72,0,10,,0,0,9.2,6.8,188,1014,87,24.1,0,0,0,0,Partially cloudy,partly-cloudy-night,
"Goczałkowice-Zdrój, Woj. Śląskie, Polska",2026-10-10T20:00:00,11.2,11.2,8.3,79.34,0,10,,0,0,7.8,6.3,177,1014,86,24.1,0,0,0,0,Partially cloudy,partly-cloudy-night,
"Goczałkowice-Zdrój, Woj. Śląskie, Polska",2026-10-10T21:00:00,11,11,8.2,80.23,0,10,,0,0,9.5,6.8,174,1014,87,24.1,0,0,0,0,Partially cloudy,partly-cloudy-night,
"Goczałkowice-Zdrój, Woj. Śląskie, Polska",2026-10-10T22:00:00,10.8,10.8,8.1,80.76,0,10,,0,0,12.8,8,168,1014,88,24.1,0,0,0,0,Partially cloudy,partly-cloudy-night,
"Goczałkowice-Zdrój, Woj. Śląskie, Polska",2026-10-10T23:00:00,10.6,10.6,8,81.26,0,10,,0,0,15.5,8.8,160,1014,90,24.1,0,0,0,0,Partially cloudy,partly-cloudy-night,
"Goczałkowice-Zdrój, Woj. Śląskie, Polska",2026-10-11T00:00:00,10.5,10.5,7.9,81.71,0,10,,0,0,16.8,9.1,155,1014,90,24.1,0,0,0,0,Partially cloudy,partly-cloudy-night,
"Goczałkowice-Zdrój, Woj. Śląskie, Polska",2026-10-11T01:00:00,10.3,10.3,7.9,82.13,0,10,,0,0,17.5,9.2,149,1013,91,24.1,0,0,0,0,Overcast,cloudy,
"Goczałkowice-Zdrój, Woj. Śląskie, Polska",2026-10-11T02:00:00,10.2,10.2,7.8,82.51,0,10,,0,0,18,9.2,142,1013,91,24.1,0,0,0,0,Overcast,cloudy,
"Goczałkowice-Zdrój, Woj. Śląskie, Polska",2026-10-11T03:00:00,10,10,7.8,82.77,0,3,,0,0,17.9,9.3,140,1013,90,24.1,0,0,0,0,Partially cloudy,partly-cloudy-night,
"Goczałkowice-Zdrój, Woj. Śląskie, Polska",2026-10-11T04:00:00,9.9,8.6,7.8,82.98,0,3,,0,0,17.7,9.4,139,1013,88,24.1,0,0,0,0,Partially cloudy,partly-cloudy-night,
"Goczałkowice-Zdrój, Woj. Śląskie, Polska",2026-10-11T05:00:00,9.7,8.4,7.7,83.03,0,3,,0,0,17.5,9.5,138,1013,86,24.1,0,0,0,0,Partially cloudy,partly-cloudy-night,
"Goczałkowice-Zdrój, Woj. Śląskie, Polska",2026-10-11T06:00:00,9.8,8.5,7.7,82.76,0,3,,0,0,17.4,9.5,137,1013,83,24.1,0,0,0,0,Partially cloudy,partly-cloudy-night,
"Goczałkowice-Zdrój, Woj. Śląskie, Polska",2026-10-11T07:00:00,9.9,8.6,7.6,82.33,0,3,,0,0,17.4,9.4,137,1013,80,24.1,7,0,0,0,Partially cloudy,partly-cloudy-day,
"Goczałkowice-Zdrój, Woj. Śląskie, Polska",2026-10-11T08:00:00,9.9,8.6,7.6,80.53,0,3,,0,0,20.1,9.8,136,1012,78,24.1,28,0.1,0,0,Partially cloudy,partly-cloudy-day,
"Goczałkowice-Zdrój, Woj. Śląskie, Polska",2026-10-11T09:00:00,11.8,11.8,7.9,76.01,0,10,,0,0,28.3,11.3,146,1012,78,24.1,84,0.3,1,0,Partially cloudy,partly-cloudy-day,
"Goczałkowice-Zdrój, Woj. Śląskie, Polska",2026-10-11T10:00:00,13.7,13.7,8.2,70.14,0,10,,0,0,39.2,13.4,157,1012,79,24.1,157,0.6,2,0,Partially cloudy,partly-cloudy-day,
"Goczałkowice-Zdrój, Woj. Śląskie, Polska",2026-10-11T11:00:00,15.5,15.5,8.5,64.66,0,10,,0,0,45.7,14.8,169,1012,80,24.1,209,0.8,2,0,Partially cloudy,partly-cloudy-day,
"Goczałkowice-Zdrój, Woj. Śląskie, Polska",2026-10-11T12:00:00,16.5,16.5,8.8,60,0,10,,0,0,43.6,15,174,1012,80,24.1,218,0.8,2,0,Partially cloudy,partly-cloudy-day,
"Goczałkowice-Zdrój, Woj. Śląskie, Polska",2026-10-11T13:00:00,17.6,17.6,9.1,55.74,0,10,,0,0,37.1,14.5,182,1012,79,24.1,206,0.7,2,0,Partially cloudy,partly-cloudy-day,
"Goczałkowice-Zdrój, Woj. Śląskie, Polska",2026-10-11T14:00:00,18.6,18.6,9.4,53.09,0,10,,0,0,31.5,14,192,1012,77,24.1,191,0.7,2,0,Partially cloudy,partly-cloudy-day,
"Goczałkowice-Zdrój, Woj. Śląskie, Polska",2026-10-11T15:00:00,17.9,17.9,9.1,53.67,0,10,,0,0,27.6,13.4,196,1012,71,24.1,172,0.6,2,0,Partially cloudy,partly-cloudy-day,
"Goczałkowice-Zdrój, Woj. Śląskie, Polska",2026-10-11T16:00:00,17.2,17.2,8.9,55.86,0,10,,0,0,24.6,12.7,200,1012,62,24.1,152,0.5,2,0,Partially cloudy,partly-cloudy-day,
"Goczałkowice-Zdrój, Woj. Śląskie, Polska",2026-10-11T17:00:00,16.5,16.5,8.6,58.07,0,10,,0,0,22.9,12.4,204,1012,53,24.1,125,0.5,1,0,Partially cloudy,partly-cloudy-day,
"Goczałkowice-Zdrój, Woj. Śląskie, Polska",2026-10-11T18:00:00,15.7,15.7,8.3,60.3,0,10,,0,0,24.2,12.7,200,1012,45,24.1,88,0.3,1,0,Partially cloudy,partly-cloudy-day,
"Goczałkowice-Zdrój, Woj. Śląskie, Polska",2026-10-11T19:00:00,14.9,14.9,8,62.56,0,10,,0,0,26.8,13.5,195,1012,34,24.1,0,0,0,0,Partially cloudy,partly-cloudy-night,
"Goczałkowice-Zdrój, Woj. Śląskie, Polska",2026-10-11T20:00:00,14.1,14.1,7.7,64.46,0,10,,0,0,27.9,13.8,190,1013,24,24.1,0,0,0,0,Partially cloudy,partly-cloudy-night,
"Goczałkowice-Zdrój, Woj. Śląskie, Polska",2026-10-11T21:00:00,13.8,13.8,7.5,65.69,0,32,,0,0,26.1,13.3,191,1013,18,24.1,0,0,0,0,Clear,clear-night,
"Goczałkowice-Zdrój, Woj. Śląskie, Polska",2026-10-11T22:00:00,13.5,13.5,7.4,66.56,0,32,,0,0,22.8,12.3,193,1013,15,24.1,0,0,0,0,Clear,clear-night,
"Goczałkowice-Zdrój, Woj. Śląskie, Polska",2026-10-11T23:00:00,13.1,13.1,7.2,67.49,0,32,,0,0,19.6,11.4,194,1013,13,24.1,0,0,0,0,Clear,clear-night,
"Goczałkowice-Zdrój, Woj. Śląskie, Polska",2026-10-12T00:00:00,12.8,12.8,7.1,68.5,0,32,,0,0,16.7,10.6,195,1013,11,24.1,0,0,0,0,Clear,clear-night,
"Goczałkowice-Zdrój, Woj. Śląskie, Polska",2026-10-12T01:00:00,12.4,12.4,7,69.56,0,32,,0,0,13.9,9.8,195,1013,8,24.1,0,0,0,0,Clear,clear-night,
"Goczałkowice-Zdrój, Woj. Śląskie, Polska",2026-10-12T02:00:00,12.1,12.1,6.9,70.63,0.033,32,rain,0,0,11.9,9.1,196,1014,7,24.1,0,0,0,0,Clear,clear-night,
"Goczałkowice-Zdrój, Woj. Śląskie, Polska",2026-10-12T03:00:00,11.9,11.9,7,71.71,0.033,13,rain,0,0,11.5,8.4,193,1014,7,24.1,0,0,0,0,Clear,clear-night,
"Goczałkowice-Zdrój, Woj. Śląskie, Polska",2026-10-12T04:00:00,11.7,11.7,7.1,72.8,0.033,13,rain,0,0,11.7,7.6,192,1014,8,24.1,0,0,0,0,Clear,clear-night,
"Goczałkowice-Zdrój, Woj. Śląskie, Polska",2026-10-12T05:00:00,11.5,11.5,7.3,73.99,0,13,,0,0,13.2,7.3,193,1014,9,24.1,0,0,0,0,Clear,clear-night,
"Goczałkowice-Zdrój, Woj. Śląskie, Polska",2026-10-12T06:00:00,10.9,10.9,7,75.38,0,13,,0,0,17.3,8,196,1015,11,24.1,0,0,0,0,Clear,clear-night,
"Goczałkowice-Zdrój, Woj. Śląskie, Polska",2026-10-12T07:00:00,10.2,10.2,6.8,76.87,0,13,,0,0,22.5,9.1,204,1015,12,24.1,0,0,0,0,Clear,clear-night,
"Goczałkowice-Zdrój, Woj. Śląskie, Polska",2026-10-12T08:00:00,9.5,8.1,6.6,76.92,0.033,13,rain,0,0,25.9,9.9,217,1016,17,24.1,1,0,0,0,Clear,clear-day,
"Goczałkowice-Zdrój, Woj. Śląskie, Polska",2026-10-12T09:00:00,10.5,10.5,6.7,74.08,0.033,16,rain,0,0,25.5,10.1,217,1016,28,24,5,0,0,0,Partially cloudy,partly-cloudy-day,
"Goczałkowice-Zdrój, Woj. Śląskie, Polska",2026-10-12T10:00:00,11.1,11.1,6.9,69.81,0.033,16,rain,0,0,23.3,10.1,219,1016,39,24,9,0,0,0,Partially cloudy,partly-cloudy-day,
"Goczałkowice-Zdrój, Woj. Śląskie, Polska",2026-10-12T11:00:00,12.5,12.5,7.1,65.6,0.033,16,rain,0,0,21.6,10.1,222,1016,47,22.8,13,0,0,0,Partially cloudy,partly-cloudy-day,
"Goczałkowice-Zdrój, Woj. Śląskie, Polska",2026-10-12T12:00:00,13.4,13.4,7.4,61.52,0.033,16,rain,0,0,20.8,10,225,1017,56,19.4,15,0.1,0,0,Partially cloudy,partly-cloudy-day,
"Goczałkowice-Zdrój, Woj. Śląskie, Polska",2026-10-12T13:00:00,14.4,14.4,7.7,57.5,0.033,16,rain,0,0,20.6,10,229,1017,64,14.9,17,0.1,0,0,Partially cloudy,partly-cloudy-day,
"Goczałkowice-Zdrój, Woj. Śląskie, Polska",2026-10-12T14:00:00,15.4,15.4,7.9,55.41,0.633,16,rain,0,0,20.7,10,234,1017,71,12.7,17,0.1,0,0,Partially cloudy,partly-cloudy-day,
"Goczałkowice-Zdrój, Woj. Śląskie, Polska",2026-10-12T15:00:00,14.6,14.6,7.9,57.21,0.633,23,rain,0,0,21.7,9.8,227,1017,73,15,16,0.1,0,0,Partially cloudy,partly-cloudy-day,
"Goczałkowice-Zdrój, Woj. Śląskie, Polska",2026-10-12T16:00:00,13.8,13.8,7.9,60.94,0.633,23,rain,0,0,23,9.7,221,1017,73,19.5,14,0.1,0,0,Partially cloudy,partly-cloudy-day,
"Goczałkowice-Zdrój, Woj. Śląskie, Polska",2026-10-12T17:00:00,13.1,13.1,7.9,64.67,0.567,23,rain,0,0,23,9.3,216,1018,74,23,12,0,0,0,Partially cloudy,partly-cloudy-day,
"Goczałkowice-Zdrój, Woj. Śląskie, Polska",2026-10-12T18:00:00,12.3,12.3,7.9,68.41,0.567,23,rain,0,0,20.1,8.1,210,1018,74,24.1,0,0,0,0,Partially cloudy,partly-cloudy-night,
"Goczałkowice-Zdrój, Woj. Śląskie, Polska",2026-10-12T19:00:00,11.5,11.5,7.9,72.14,0.567,23,rain,0,0,15.9,6.5,203,1019,74,24.1,0,0,0,0,Partially cloudy,partly-cloudy-night,
"Goczałkowice-Zdrój, Woj. Śląskie, Polska",2026-10-12T20:00:00,10.3,10.3,7.9,74.95,0.1,23,rain,0,0,12.5,5.2,197,1019,74,24.1,0,0,0,0,Partially cloudy,partly-cloudy-night,
"Goczałkowice-Zdrój, Woj. Śląskie, Polska",2026-10-12T21:00:00,10.5,10.5,7.6,75.89,0.1,29,rain,0,0,10.8,4.6,190,1019,73,24.1,0,0,0,0,Partially cloudy,partly-cloudy-night,
"Goczałkowice-Zdrój, Woj. Śląskie, Polska",2026-10-12T22:00:00,10.2,10.2,7.3,75.9,0.1,29,rain,0,0,9.9,4.3,181,1019,71,24.1,0,0,0,0,Partially cloudy,partly-cloudy-night,
"Goczałkowice-Zdrój, Woj. Śląskie, Polska",2026-10-12T23:00:00,10,10,7,75.98,0,29,,0,0,9.8,4.3,173,1019,69,24.1,0,0,0,0,Partially cloudy,partly-cloudy-night,
"Goczałkowice-Zdrój, Woj. Śląskie, Polska",2026-10-13T00:00:00,9.7,9.7,6.7,76.18,0,29,,0,0,10.9,4.5,164,1020,67,24.1,0,0,0,0,Partially cloudy,partly-cloudy-night,
"Goczałkowice-Zdrój, Woj. Śląskie, Polska",2026-10-13T01:00:00,9.4,9,6.4,76.44,0,29,,0,0,12.7,5,157,1020,65,24.1,0,0,0,0,Partially cloudy,partly-cloudy-night,
"Goczałkowice-Zdrój, Woj. Śląskie, Polska",2026-10-13T02:00:00,9.1,8.4,6.2,76.86,0,29,,0,0,15.2,5.9,152,1020,65,24.1,0,0,0,0,Partially cloudy,partly-cloudy-night,
"Goczałkowice-Zdrój, Woj. Śląskie, Polska",2026-10-13T03:00:00,9,8,6.3,77.58,0,19,,0,0,19.2,7.2,143,1020,67,24.1,0,0,0,0,Partially cloudy,partly-cloudy-night,
"Goczałkowice-Zdrój, Woj. Śląskie, Polska",2026-10-13T04:00:00,8.9,7.6,6.4,78.46,0,19,,0,0,23.9,8.8,134,1020,70,24.1,0,0,0,0,Partially cloudy,partly-cloudy-night,
"Goczałkowice-Zdrój, Woj. Śląskie, Polska",2026-10-13T05:00:00,8.9,7.2,6.5,79.35,0,19,,0,0,28.1,10.3,125,1020,73,24.1,0,0,0,0,Partially cloudy,partly-cloudy-night,
"Goczałkowice-Zdrój, Woj. Śląskie, Polska",2026-10-13T06:00:00,8.8,6.9,6.6,80.27,0,19,,0,0,31.3,11.4,119,1020,77,24.1,0,0,0,0,Partially cloudy,partly-cloudy-night,
"Goczałkowice-Zdrój, Woj. Śląskie, Polska",2026-10-13T07:00:00,8.7,6.6,6.6,81.21,0,19,,0,0,34.1,12.3,113,1020,80,24.1,0,0,0,0,Partially cloudy,partly-cloudy-night,
"Goczałkowice-Zdrój, Woj. Śląskie, Polska",2026-10-13T08:00:00,8.5,6.4,6.7,80.87,0,19,,0,0,35.6,13.1,107,1019,82,24.1,16,0.1,0,0,Partially cloudy,partly-cloudy-day,
"Goczałkowice-Zdrój, Woj. Śląskie, Polska",2026-10-13T09:00:00,10,8,7.3,77.97,0,13,,0,0,34.8,13.8,111,1019,83,24.1,46,0.2,0,0,Partially cloudy,partly-cloudy-day,
"Goczałkowice-Zdrój, Woj. Śląskie, Polska",2026-10-13T10:00:00,11.4,11.4,7.8,73.79,0,13,,0,0,32.7,14.3,114,1019,83,24.1,85,0.3,1,0,Partially cloudy,partly-cloudy-day,
"Goczałkowice-Zdrój, Woj. Śląskie, Polska",2026-10-13T11:00:00,12.8,12.8,8.4,69.69,0,13,,0,0,31.2,14.7,118,1019,83,24.1,112,0.4,1,0,Partially cloudy,partly-cloudy-day,
"Goczałkowice-Zdrój, Woj. Śląskie, Polska",2026-10-13T12:00:00,14,14,8.9,65.76,0,13,,0,0,30.6,14.8,120,1019,83,24.1,113,0.4,1,0,Partially cloudy,partly-cloudy-day,
"Goczałkowice-Zdrój, Woj. Śląskie, Polska",2026-10-13T13:00:00,15.3,15.3,9.4,61.91,0,13,,0,0,30.6,14.7,122,1018,83,24.1,103,0.4,1,0,Partially cloudy,partly-cloudy-day,
"Goczałkowice-Zdrój, Woj. Śląskie, Polska",2026-10-13T14:00:00,16.5,16.5,9.8,58.26,0.1,13,rain,0,0,30.7,15.5,123,1019,75,24.1,94,0.3,1,0,Partially cloudy,partly-cloudy-day,
"Goczałkowice-Zdrój, Woj. Śląskie, Polska",2026-10-13T15:00:00,15,15,10.9,56.78,0.1,13,rain,0,0,30.9,17.1,135,1020,60,24.1,90,0.3,1,0,Partially cloudy,partly-cloudy-day,
"Goczałkowice-Zdrój, Woj. Śląskie, Polska",2026-10-13T16:00:00,14.7,14.7,11.2,59.04,0.1,13,rain,0,0,31.2,17.7,133,1021,53,24.1,89,0.3,1,0,Partially cloudy,partly-cloudy-day,
"Goczałkowice-Zdrój, Woj. Śląskie, Polska",2026-10-13T17:00:00,14.4,14.4,11.6,63.08,0,13,,0,0,30.6,17.1,130,1021,54,24.1,81,0.3,1,0,Partially cloudy,partly-cloudy-day,
"Goczałkowice-Zdrój, Woj. Śląskie, Polska",2026-10-13T18:00:00,13.7,13.7,11.4,67.12,0,13,,0,0,28.4,15.7,130,1021,55,24.1,0,0,0,0,Partially cloudy,partly-cloudy-night,
"Goczałkowice-Zdrój, Woj. Śląskie, Polska",2026-10-13T19:00:00,13,13,11.4,71.16,0,13,,0,0,25.4,13.8,131,1021,55,24.1,0,0,0,0,Partially cloudy,partly-cloudy-night,
"Goczałkowice-Zdrój, Woj. Śląskie, Polska",2026-10-13T20:00:00,12.3,12.3,11.3,79.26,0,13,,0,0,22.5,12.4,131,1020,52,24.1,0,0,0,0,Partially cloudy,partly-cloudy-night,
"Goczałkowice-Zdrój, Woj. Śląskie, Polska",2026-10-13T21:00:00,11,11,11.1,90.57,0,13,,0,0,19.9,11.6,124,1019,40,24.1,0,0,0,0,Partially cloudy,partly-cloudy-night,
"Goczałkowice-Zdrój, Woj. Śląskie, Polska",2026-10-13T22:00:00,10.8,10.8,10.9,96.11,0,13,,0,0,17.4,10.6,128,1018,26,24.1,0,0,0,0,Partially cloudy,partly-cloudy-night,
"Goczałkowice-Zdrój, Woj. Śląskie, Polska",2026-10-13T23:00:00,10.5,10.5,10.7,96.73,0,13,,0,0,14.9,9.3,136,1018,13,24.1,0,0,0,0,Clear,clear-night,
